시군구코드,지정년도,지정번호,신청일자,지정일자,취소일자,불가일자,업소명,소재지도로명,소재지지번,허가(신고)번호,업태명,주된음식,영업장면적(㎡),행정동명,급수시설구분
3200000,2001,0133,20010630,20010701,20070725,,도노텀블 보라매점,서울특별시 관악구 보라매로 15-8, 1층 (봉천동),서울특별시 관악구 봉천동  735번지 10호  ,3200000-101-1997-05919,한식,돼지갈비,129.62,보라매동,상수도전용
3200000,2008,421 ,20080710,20080725,20131204,,장군식당,서울특별시 관악구 남부순환로 1597-7, 지하1층-1층 (신림동),서울특별시 관악구 신림동  1433번지 78호  ,3200000-101-2008-00163,호프/통닭,갈비,65.90,신림동,
3200000,,,20080710,,20161109,,장수촌,서울특별시 관악구 봉천로 382, 1층 (봉천동),서울특별시 관악구 봉천동  931번지 1호  ,3200000-101-1997-01617,한식,,83.01,은천동,상수도전용
3200000,2001,0064,20010630,20010701,20060405,,로향,서울특별시 관악구 낙성대로 12, 1층 (봉천동),서울특별시 관악구 봉천동  1627번지 13호  ,3200000-101-1997-09385,한식,갈비,125.40,낙성대동,상수도전용
3200000,2019,0003,20190830,20191111,,,정성,서울특별시 관악구 관악로 154-5, 2층 (봉천동),서울특별시 관악구 봉천동  1598번지 2호  ,3200000-101-2016-00035,일식,초밥,66.00,낙성대동,상수도전용
3200000,2005,0299,20050614,20050630,20070727,,영진식당,서울특별시 관악구 조원로2길 7, 1층 (신림동),서울특별시 관악구 신림동  1656번지  ,3200000-101-2003-00462,기타,감자탕,224.79,조원동,
3200000,2007,400 ,20070720,20070727,20080725,,영진식당,서울특별시 관악구 조원로2길 7, 1층 (신림동),서울특별시 관악구 신림동  1656번지  ,3200000-101-2003-00462,기타,냉면,224.79,조원동,
3200000,2013,527 ,20130701,20131105,20170731,,라공방 서울대점,서울특별시 관악구 관악로 163, (봉천동, 2호),서울특별시 관악구 봉천동  863번지 2호  ,3200000-101-1988-00829,중국식,국밥,수육,147.20,청룡동,상수도전용
3200000,2014,543 ,20140704,20141110,20161109,,진&정,서울특별시 관악구 난곡로63길 56, (신림동, 지상1층),서울특별시 관악구 신림동  1484번지 3호  ,3200000-101-2005-00157,한식,청국장,보쌈정식,96.41,미성동,상수도전용
3200000,2018,81  ,20130701,20181109,,,짬뽕지존 봉천점,서울특별시 관악구 남부순환로 1770, (봉천동, 지상1층),서울특별시 관악구 봉천동  894번지 20호  ,3200000-101-2007-00052,한식,,152.40,청룡동,
3200000,2020,0005,20200831,20201111,,,담소소사골순대ㆍ육개장 신림2호(신원동)점,서울특별시 관악구 신원로 5-1, 1층 (신림동),서울특별시 관악구 신림동  1628번지 83호  ,3200000-101-2018-00286,한식,아귀동태요리,105.47,신원동,
3200000,,,20140703,,,20141110,시골집,서울특별시 관악구 봉천로 308-2, 1층 (봉천동),서울특별시 관악구 봉천동  961번지 3호  ,3200000-101-2006-00478,한식,,104.13,은천동,
3200000,2018,114 ,20080710,20181109,,,양평해장국,서울특별시 관악구 봉천로 229, (봉천동,(972번지 3호)),서울특별시 관악구 봉천동  972번지 4호  (972번지 3호),3200000-101-1995-02581,한식,,133.47,보라매동,상수도전용
3200000,2009,472 ,20090313,20090501,20161215,,옛날농장,서울특별시 관악구 봉천로 262, 1층 (신림동),서울특별시 관악구 신림동  1427번지 4호  지상1층,3200000-101-1979-07457,한식,돼지갈비,264.21,신림동,상수도전용
3200000,2001,0118,20010630,20010701,20070727,,장추추어탕,서울특별시 관악구 보라매로 15-2, 1층 (봉천동),서울특별시 관악구 봉천동  735번지 5호  ,3200000-101-1996-06224,한식,매운탕,87.77,보라매동,상수도전용
3200000,,,20090313,,,20090501,장추추어탕,서울특별시 관악구 보라매로 15-2, 1층 (봉천동),서울특별시 관악구 봉천동  735번지 5호  ,3200000-101-1996-06224,한식,,87.77,보라매동,상수도전용
3200000,2016,568 ,20160920,20161109,,,옛날육개장,서울특별시 관악구 관악로 154-6, 1층 (봉천동),서울특별시 관악구 봉천동  1598번지 16호  지상1층,3200000-101-2001-04172,한식,육개장,29.06,낙성대동,상수도전용
3200000,2018,74  ,20150616,20181109,,,탐나종합어시장(난곡사거리점),서울특별시 관악구 남부순환로 1481, 1층 (신림동),서울특별시 관악구 신림동  527번지 9호  ,3200000-101-2014-00365,한식,,188.00,신사동,상수도전용
3200000,2005,0298,20050614,20050630,20070727,,인쌩맥주 신림사거리점,서울특별시 관악구 신림로65길 40, (신림동),서울특별시 관악구 신림동  1434번지 8호  ,3200000-101-2003-00653,기타,활어회,125.02,신림동,상수도전용
3200000,2009,482 ,20090313,20090501,20151201,,모르겐더캠퍼,서울특별시 관악구 호암로26가길 18, 지상1층 (신림동),서울특별시 관악구 신림동  1525번지 10호  ,3200000-101-2007-00384,한식,갈매기살,102.00,대학동,
3200000,,,20090313,,,20090501,두둑한샤브칼국수,서울특별시 관악구 신림로64길 17, 1층 (신림동),서울특별시 관악구 신림동  1421번지 45호  지상1층,3200000-101-1993-00529,한식,,158.30,신림동,상수도전용
3200000,2001,0052,20010630,20010701,20070727,,덤뿔 서울대맛집,서울특별시 관악구 관악로16길 16, 2층 (봉천동),서울특별시 관악구 봉천동  854번지 1호  ,3200000-101-2000-10656,한식,돼지갈비,100.00,낙성대동,
3200000,2018,64  ,20160920,20181109,20191111,,낙성대우동,서울특별시 관악구 봉천로 576, 104,105호 (봉천동),서울특별시 관악구 봉천동  1629번지 2호  104,105,3200000-101-2001-10915,한식,,60.72,낙성대동,
3200000,2019,0001,20190830,20191111,,,스시건,서울특별시 관악구 호암로24길 35, 1층 (신림동),서울특별시 관악구 신림동  1522번지 6호  ,3200000-101-2014-00049,일식,초밥,50.60,대학동,상수도전용
3200000,2018,82  ,20110711,20181109,20191111,,백스비어 사당역남현점,서울특별시 관악구 남현1길 58, 2층 (남현동),서울특별시 관악구 남현동  1062번지 15호  ,3200000-101-1991-05032,일식,,147.21,남현동,상수도전용
3200000,2001,0154,20011230,20011231,20020103,,유가네닭갈비,서울특별시 관악구 남부순환로226길 9, 1층 (봉천동),서울특별시 관악구 봉천동  1601번지 2호  지상1층,3200000-101-1993-00808,한식,돼지갈비,76.45,낙성대동,상수도전용
3200000,2020,0010,20200831,20201111,,,만성찬팅,서울특별시 관악구 신림로 322-4, 지하1층 (신림동),서울특별시 관악구 신림동  75번지 41호  ,3200000-101-2013-00369,호프/통닭,꿔바로우,320.73,서원동,상수도전용
3200000,2001,0022,20010630,20010701,20021130,,헤바스킹(HebasKing),서울특별시 관악구 낙성대로 8, 1층 (봉천동),서울특별시 관악구 봉천동  1627번지 7호  ,3200000-101-2000-06299,호프/통닭,삼겹살,70.54,낙성대동,상수도전용
3200000,2020,0009,20200831,20201111,,,이선생 신림점,서울특별시 관악구 대학6길 22, 지하1층 (신림동),서울특별시 관악구 신림동  1537번지 5호  ,3200000-101-2003-00290,한식,삼계탕,57.90,대학동,
3200000,2001,0032,20010630,20010701,20070727,,놀부부대찌개앤놀부족발보쌈 난곡점,서울특별시 관악구 남부순환로 1487, 지하1층, 지상1층 (신림동),서울특별시 관악구 신림동  527번지 6호  ,3200000-101-1989-07488,한식,보쌈,406.80,신사동,상수도전용
3200000,2001,0179,20011230,20011231,20041229,,들향기칼국수 쭈꾸미,서울특별시 관악구 조원중앙로 13, (신림동),서울특별시 관악구 신림동  1659번지 22호  ,3200000-101-2000-11216,한식,돼지갈비,96.43,조원동,
3200000,,,20130708,,,20131025,들향기칼국수 쭈꾸미,서울특별시 관악구 조원중앙로 13, (신림동),서울특별시 관악구 신림동  1659번지 22호  ,3200000-101-2000-11216,한식,,96.43,조원동,
3200000,2001,0057,20010630,20010701,20060704,,광시생고기,서울특별시 관악구 관악로30길 15, 1층 (봉천동),서울특별시 관악구 봉천동  15번지 8호  ,3200000-101-1997-06015,한식,포천이동갈비,220.00,청림동,상수도전용
3200000,,,20090313,,,20090501,미가할매집,서울특별시 관악구 신림로 374, 지상2~6층 (신림동),서울특별시 관악구 신림동  1428번지 21호  ,3200000-101-2009-00003,한식,,955.35,신림동,
3200000,2009,466 ,20090313,20090501,20151201,,일점사,서울특별시 관악구 관악로16길 25, 1층 (봉천동),서울특별시 관악구 봉천동  1601번지 3호  ,3200000-101-1983-07449,한식,쭈꾸미,71.50,낙성대동,상수도전용
3200000,,,20070720,,20141203,,맛집식당,서울특별시 관악구 남현1길 58, (남현동),서울특별시 관악구 남현동  1062번지 15호  ,3200000-101-2000-10513,한식,,70.20,남현동,상수도전용
3200000,2005,0313,20050614,20050630,20111024,,북경반점,서울특별시 관악구 남부순환로 1620, (신림동),서울특별시 관악구 신림동  75번지 43호  ,3200000-101-2002-00672,중국식,자장면,185.00,서원동,상수도전용
3200000,2019,0016,20190830,20191111,,,라공방 신림점,서울특별시 관악구 신림로 340, 르네상스복합쇼핑몰 1층 53~88호 (신림동),서울특별시 관악구 신림동  1422번지 5호  르네상스복합쇼핑몰,3200000-101-2019-00305,중국식,,124.82,신림동,
3200000,2001,0037,20010630,20010701,20060206,,대어회집,서울특별시 관악구 관악로17길 32, 1층 (봉천동),서울특별시 관악구 봉천동  875번지 14호  지상1층,3200000-101-2000-04439,회집,소갈비,89.23,청룡동,상수도전용
3200000,2001,0151,20011230,20011231,20050104,,옥돌집,서울특별시 관악구 관악로 208, (봉천동),서울특별시 관악구 봉천동  62번지 17호  ,3200000-101-1991-00179,한식,불고기,109.63,행운동,상수도전용
3200000,2018,103 ,20170920,20181109,,,장수촌,서울특별시 관악구 남부순환로 2082-37, 2층 (남현동),서울특별시 관악구 남현동  1060번지 17호  ,3200000-101-1997-09743,기타,,152.60,남현동,상수도전용
3200000,2005,0305,20050614,20050630,20070727,,솔잎솔 제주흑돈,서울특별시 관악구 봉천로 380, (봉천동,지상1층),서울특별시 관악구 봉천동  931번지 26호  지상1층,3200000-101-2002-00230,한식,순대국,56.00,은천동,상수도전용
3200000,,,20100510,,20181026,,솔잎솔 제주흑돈,서울특별시 관악구 봉천로 380, (봉천동,지상1층),서울특별시 관악구 봉천동  931번지 26호  지상1층,3200000-101-2002-00230,한식,,56.00,은천동,상수도전용
3200000,2018,37  ,20070720,20181109,,,진우리참치,서울특별시 관악구 봉천로 472, 1층 101호 (봉천동, CO-OP RESIDENCE),서울특별시 관악구 봉천동  861번지 7호  CO-OP RESIDENCE,3200000-101-2005-00256,일식,,129.31,중앙동,상수도전용
3200000,2001,0011,20010630,20010701,20031117,,미추원주추어탕,서울특별시 관악구 관악로 108, (지상2층)호 (봉천동),서울특별시 관악구 봉천동  1595번지 8호  -(지상2층),3200000-101-2001-00473,한식,돼지갈비,234.00,낙성대동,상수도전용
3200000,2005,0312,20050614,20050630,20070727,,the진국수육국밥,서울특별시 관악구 남부순환로 1598, 1층 (신림동),서울특별시 관악구 신림동  1640번지 1호  지상1층,3200000-101-1993-00315,한식,김치볶음밥,49.50,서원동,상수도전용
3200000,2005,0221,20050614,20050630,20131204,,uncle-B,서울특별시 관악구 낙성대로 14, 1층 (봉천동),서울특별시 관악구 봉천동  1625번지 28호  지상1층,3200000-101-1990-00213,한식,추어탕,130.64,낙성대동,상수도전용
3200000,2001,0005,20010630,20010701,20080725,,강남숯불갈비,서울특별시 관악구 조원로 20, 1층 (신림동),서울특별시 관악구 신림동  1653번지 0호  지상1층,3200000-101-1991-00152,한식,불고기,92.00,조원동,상수도전용
3200000,2008,442 ,20080710,20080725,20111024,,강남숯불갈비,서울특별시 관악구 조원로 20, 1층 (신림동),서울특별시 관악구 신림동  1653번지 0호  지상1층,3200000-101-1991-00152,한식,설렁탕,92.00,조원동,상수도전용
3200000,,,20050614,,20090923,,목포산낙지철판해물,서울특별시 관악구 조원로 125-1, (신림동),서울특별시 관악구 신림동  503번지 38호  ,3200000-101-1993-00346,한식,,91.06,신사동,상수도전용
3200000,2006,359 ,20060703,20060711,20080725,,정박사정육식당,서울특별시 관악구 관악로14길 15, 지상1층 (봉천동),서울특별시 관악구 봉천동  1599번지 4호  ,3200000-101-2005-00466,한식,고등어조림,95.71,낙성대동,상수도전용
3200000,2018,126 ,20080710,20181109,,,정박사정육식당,서울특별시 관악구 관악로14길 15, 지상1층 (봉천동),서울특별시 관악구 봉천동  1599번지 4호  ,3200000-101-2005-00466,한식,,95.71,낙성대동,상수도전용
3200000,2001,0125,20010630,20010701,20060803,,삼차,서울특별시 관악구 관악로16길 13, 1층 (봉천동),서울특별시 관악구 봉천동  853번지 2호  지상1층,3200000-101-2001-00387,한식,갈비탕,117.90,낙성대동,
3200000,2019,0002,20190830,20191111,,,갯바위,서울특별시 관악구 남부순환로216길 13, 1층 (봉천동),서울특별시 관악구 봉천동  876번지 19호  ,3200000-101-1997-06066,한식,,40.01,청룡동,상수도전용
3200000,2001,0094,20010630,20010701,20070727,,신림정,서울특별시 관악구 봉천로 248, 1층 (신림동),서울특별시 관악구 신림동  1428번지 5호  지상1층,3200000-101-1985-00500,한식,꽃등심,91.88,신림동,상수도전용
3200000,2001,0145,20010630,20010701,20030530,,황토방,서울특별시 관악구 관악로12길 6, 2층 (봉천동),서울특별시 관악구 봉천동  1597번지 7호  ,3200000-101-1997-05894,한식,삼겹살,96.16,낙성대동,상수도전용
3200000,2001,0135,20010630,20010701,20031010,,정금바베큐통삼겹,서울특별시 관악구 봉천로 333, (봉천동),서울특별시 관악구 봉천동  957번지 33호  ,3200000-101-1988-00084,한식,숯불갈비,64.21,은천동,상수도전용
3200000,2001,0015,20010630,20010701,20070727,,금산삼계탕,서울특별시 관악구 봉천로 492, 1층 (봉천동),서울특별시 관악구 봉천동  1666번지 3호  지상1층,3200000-101-1983-09709,한식,삼계탕,57.95,행운동,상수도전용
3200000,2019,0004,20190830,20191111,,,장수우렁불백,서울특별시 관악구 관악로 148, (봉천동),서울특별시 관악구 봉천동  1598번지 20호  ,3200000-101-2001-11128,한식,,72.75,낙성대동,상수도전용
3200000,2005,0137,20050614,20050630,20070727,,포천이동갈비촌,서울특별시 관악구 신원로 40-12, 1,2층 (신림동),서울특별시 관악구 신림동  1637번지 20호  ,3200000-101-1995-06409,한식,사골우거지,130.11,서원동,상수도전용
3200000,2005,0303,20050614,20050630,20060711,,황토방,서울특별시 관악구 관악로12길 6, 2층 (봉천동),서울특별시 관악구 봉천동  1597번지 7호  ,3200000-101-1997-05894,한식,돼지갈비,96.16,낙성대동,상수도전용
3200000,2005,0339,20050614,20050630,20070727,,정금바베큐통삼겹,서울특별시 관악구 봉천로 333, (봉천동),서울특별시 관악구 봉천동  957번지 33호  ,3200000-101-1988-00084,한식,돼지갈비,64.21,은천동,상수도전용
3200000,2005,0315,20050614,20050630,20070727,,서울생고기촌,서울특별시 관악구 대학5길 9, 지상1층 (신림동),서울특별시 관악구 신림동  241번지 108호  ,3200000-101-1999-09952,한식,생목살,37.91,대학동,상수도전용
3200000,,,20140705,,,20141110,성암축산정육식당,서울특별시 관악구 관천로 45, (신림동,지상1층),서울특별시 관악구 신림동  1587번지 7호  지상1층,3200000-101-2007-00380,한식,,71.56,신원동,
3200000,2001,0058,20010630,20010701,20060809,,만리장성,서울특별시 관악구 관악로 146, 2층 (봉천동),서울특별시 관악구 봉천동  1598번지 21호  ,3200000-101-1999-05591,중국식,자장면,113.76,낙성대동,상수도전용
3200000,2001,0071,20010630,20010701,20020723,,복돈이부추삼겹살,서울특별시 관악구 신림로65길 10-3, 1층 (신림동),서울특별시 관악구 신림동  1432번지 88호  ,3200000-101-2001-00847,회집,활어회, 초밥,68.20,신림동,상수도전용
3200000,2005,0071,20050614,20050630,20170414,,복돈이부추삼겹살,서울특별시 관악구 신림로65길 10-3, 1층 (신림동),서울특별시 관악구 신림동  1432번지 88호  ,3200000-101-2001-00847,회집,활어회,68.20,신림동,상수도전용
3200000,2018,69  ,20160920,20181109,,,동경에서 만난 매운라멘과 돈카츠 신림점,서울특별시 관악구 신림로11길 18, (신림동,지상1층),서울특별시 관악구 신림동  241번지 43호  지상1층,3200000-101-2008-00014,한식,,44.97,대학동,
3200000,2005,0281,20050614,20050630,20070727,,채쉐프 초장집,서울특별시 관악구 신림로 371, (신림동),서울특별시 관악구 신림동  1431번지 2호  ,3200000-101-2003-00512,회집,활어회,81.82,신림동,상수도전용
3200000,,,20090313,,,,채쉐프 초장집,서울특별시 관악구 신림로 371, (신림동),서울특별시 관악구 신림동  1431번지 2호  ,3200000-101-2003-00512,회집,,81.82,신림동,상수도전용
3200000,2007,358 ,20070723,20070711,20171106,,황토방,서울특별시 관악구 관악로12길 6, 2층 (봉천동),서울특별시 관악구 봉천동  1597번지 7호  ,3200000-101-1997-05894,한식,보쌈정식,96.16,낙성대동,상수도전용
3200000,2018,93  ,20130704,20181109,20191018,,채쉐프 초장집,서울특별시 관악구 신림로 371, (신림동),서울특별시 관악구 신림동  1431번지 2호  ,3200000-101-2003-00512,회집,,81.82,신림동,상수도전용
3200000,2001,0173,20011230,20011231,20041214,,명가쭈꾸미,서울특별시 관악구 신림로18가길 32, (신림동),서울특별시 관악구 신림동  110번지 83호  ,3200000-101-2000-10310,한식,장어정식,72.16,서림동,상수도전용
3200000,2019,0009,20190830,20191111,,,미가면옥,서울특별시 관악구 관악로 246, 2층 (봉천동),서울특별시 관악구 봉천동  37번지 86호  ,3200000-101-2019-00073,한식,,72.60,행운동,
3200000,2018,0027,20050614,20181109,20191111,,조마루뼈다귀,서울특별시 관악구 신림로 152, 1층 (신림동),서울특별시 관악구 신림동  112번지 37호  ,3200000-101-2001-06557,한식,,247.00,서림동,상수도전용
3200000,2007,404 ,20070720,20070727,20111024,,투썸플레이스 구로디지털단지역점,서울특별시 관악구 시흥대로 554, 1층 (신림동),서울특별시 관악구 신림동  1655번지 21호  ,3200000-101-2006-00395,까페,손두부,250.00,조원동,상수도전용
3200000,2018,57  ,20160920,20181109,,,구영회 참치앤초밥,서울특별시 관악구 신원로 34, (신림동,지상2층),서울특별시 관악구 신림동  1637번지 26호  지상2층,3200000-101-2011-00307,한식,,120.00,서원동,상수도전용
3200000,2018,125 ,20080710,20181109,,,시골명가,서울특별시 관악구 남현1길 40, 2층 (남현동),서울특별시 관악구 남현동  1062번지 1호  ,3200000-101-2005-00483,한식,,155.33,남현동,상수도전용
3200000,2005,0276,20050614,20050630,20070725,,삼수갑산,서울특별시 관악구 남현1길 38-9, 2,3층 (남현동),서울특별시 관악구 남현동  1062번지 2호  ,3200000-101-2003-00184,한식,갈비탕,322.00,남현동,
3200000,2001,0027,20010630,20010701,20020207,,남원추어탕,서울특별시 관악구 쑥고개로 135, 1층 (봉천동),서울특별시 관악구 봉천동  1569번지 1호  ,3200000-101-1997-05900,한식,추어탕,111.59,청룡동,상수도전용
3200000,2005,0027,20050614,20050630,20080725,,남원추어탕,서울특별시 관악구 쑥고개로 135, 1층 (봉천동),서울특별시 관악구 봉천동  1569번지 1호  ,3200000-101-1997-05900,한식,추어탕,111.59,청룡동,상수도전용
3200000,,,20080710,,,,초원생오리,서울특별시 관악구 봉천로25길 5, (봉천동),서울특별시 관악구 봉천동  957번지 31호  ,3200000-101-2001-10795,한식,,16.56,은천동,상수도전용
3200000,2007,352 ,20070725,20070727,20080725,,나주곰탕,서울특별시 관악구 신림로28길 30, 1층 (신림동),서울특별시 관악구 신림동  110번지 54호  ,3200000-101-1986-07251,한식,곰탕,88.24,서림동,상수도전용
3200000,2018,0026,20080710,20181109,,,나주곰탕,서울특별시 관악구 신림로28길 30, 1층 (신림동),서울특별시 관악구 신림동  110번지 54호  ,3200000-101-1986-07251,한식,,88.24,서림동,상수도전용
3200000,2006,0385,20060510,20060711,20151201,,대원갈비,서울특별시 관악구 신림로67길 5, 1층 (신림동),서울특별시 관악구 신림동  1432번지 68호  ,3200000-101-2003-00253,한식,족발,165.02,신림동,상수도전용
3200000,,,20170920,,,,대원갈비,서울특별시 관악구 신림로67길 5, 1층 (신림동),서울특별시 관악구 신림동  1432번지 68호  ,3200000-101-2003-00253,한식,,165.02,신림동,상수도전용
3200000,2019,0007,20190830,20191111,,,두둑한샤브칼국수,서울특별시 관악구 신림로64길 17, 1층 (신림동),서울특별시 관악구 신림동  1421번지 45호  지상1층,3200000-101-1993-00529,한식,,158.30,신림동,상수도전용
3200000,2019,0005,20190830,20191111,,,신안바다장어,서울특별시 관악구 봉천로 385, 1층 (봉천동),서울특별시 관악구 봉천동  925번지 27호  ,3200000-101-2014-00128,회집,,60.00,은천동,상수도전용
3200000,2019,0011,20190830,20191111,,,춘천 날으는닭갈비,서울특별시 관악구 조원로 4, (신림동),서울특별시 관악구 신림동  1655번지 1호  ,3200000-101-2000-10453,한식,,79.40,조원동,상수도전용
3200000,2019,0013,20190830,20191111,,,양평서울해장국큰아들집 서울대입구역점,서울특별시 관악구 남부순환로 1797, 1층 (봉천동),서울특별시 관악구 봉천동  874번지 6호  ,3200000-101-2017-00075,한식,,97.91,중앙동,상수도전용
3200000,2018,0012,20180831,20181109,,,명태랑족발이랑,서울특별시 관악구 신원로 6, 1층 (신림동),서울특별시 관악구 신림동  1635번지 76호  ,3200000-101-2015-00462,한식,,34.00,신원동,상수도전용
3200000,2018,31  ,20050614,20181109,,,산야로,서울특별시 관악구 관악로 111, (봉천동,지상1층),서울특별시 관악구 봉천동  1592번지 13호  지상1층,3200000-101-2002-00003,한식,,183.60,청룡동,상수도전용
3200000,2002,0222,20021018,20021231,20070727,,백상갈비,서울특별시 관악구 낙성대로 18, (봉천동),서울특별시 관악구 봉천동  1625번지 31호  ,3200000-101-1986-00318,한식,돼지갈비,70.70,낙성대동,상수도전용
3200000,2018,68  ,20160920,20181109,20191111,,할매순대국 난곡점,서울특별시 관악구 난우길 20, (신림동),서울특별시 관악구 신림동  608번지 30호  ,3200000-101-2003-00505,한식,,60.48,미성동,
3200000,2006,0386,20060510,20060711,20180604,,훈담,서울특별시 관악구 봉천로7길 25, 1-2층 (봉천동),서울특별시 관악구 봉천동  736번지 1호  ,3200000-101-1997-05884,한식,,127.75,보라매동,상수도전용
3200000,2010,0514,20100510,20100510,20160630,,남원추어탕,서울특별시 관악구 봉천로 441, 지상1층 (봉천동),서울특별시 관악구 봉천동  885번지 33호  지상1층,3200000-101-2010-00005,한식,,124.00,중앙동,
3200000,2001,0117,20010630,20010701,20021119,,킹크랩대게한상,서울특별시 관악구 남부순환로 1685, 1층 (봉천동),서울특별시 관악구 봉천동  949번지 20호  지상1층,3200000-101-1992-00257,한식,고기부페,230.46,은천동,상수도전용
3200000,2005,0117,20050614,20050630,20060711,,킹크랩대게한상,서울특별시 관악구 남부순환로 1685, 1층 (봉천동),서울특별시 관악구 봉천동  949번지 20호  지상1층,3200000-101-1992-00257,한식,고기부페,230.46,은천동,상수도전용
3200000,,,20050614,,20111212,,엔조 파스타&피자,서울특별시 관악구 관악로 154, (봉천동),서울특별시 관악구 봉천동  1598번지 1호  지상1층,3200000-101-1982-00545,경양식,,60.50,낙성대동,상수도전용
3200000,2001,0119,20010630,20010701,20050630,,장항복아구전문,서울특별시 관악구 봉천로 186, 1~2층 (신림동),서울특별시 관악구 신림동  1446번지 2호  ,3200000-101-1997-05906,한식,복해장국,148.88,신림동,상수도전용
3200000,2019,0008,20190830,20191111,,,삼다돈가(봉천점),서울특별시 관악구 관악로 246, 3층 (봉천동),서울특별시 관악구 봉천동  37번지 86호  ,3200000-101-2017-00297,식육(숯불구이),,167.27,행운동,
3200000,,,20170920,,,20171017,소래포구,서울특별시 관악구 봉천로 552, 1층 (봉천동),서울특별시 관악구 봉천동  1627번지 2호  ,3200000-101-2010-00045,일식,,98.00,낙성대동,
3200000,,,20170920,,,20171017,담양죽순추어탕,서울특별시 관악구 남부순환로 2082-37, (남현동),서울특별시 관악구 남현동  1060번지 17호  ,3200000-101-2003-00299,한식,,106.30,남현동,상수도전용
3200000,,,20170920,,,20171017,참이맛감자탕,서울특별시 관악구 신림로 269, 1층 (신림동),서울특별시 관악구 신림동  1634번지 18호  ,3200000-101-1998-07732,한식,,79.05,신원동,상수도전용
3200000,,,20150615,,,20150903,흑룡강성,서울특별시 관악구 쑥고개로 68-1, 1층 (봉천동),서울특별시 관악구 봉천동  1540번지 40호  ,3200000-101-2010-00418,한식,,125.40,청룡동,
3200000,2001,0004,20010630,20010701,20030908,,강강술래 신림본동점,서울특별시 관악구 남부순환로 1660, (신림동),서울특별시 관악구 신림동  10번지 518호  ,3200000-101-2000-10799,한식,소갈비,900.36,서원동,상수도전용
3200000,2007,408 ,20070720,20070727,20080725,,정담은 보쌈,서울특별시 관악구 남부순환로 1661, (봉천동, 지상2,3,4층),서울특별시 관악구 봉천동  959번지 4호  ,3200000-101-2006-00150,한식,삼선자장면,540.68,은천동,상수도전용
3200000,,,20050614,,20141203,,월화고기,서울특별시 관악구 보라매로3길 16, (봉천동),서울특별시 관악구 봉천동  732번지 3호  ,3200000-101-2002-00428,한식,,400.00,보라매동,
3200000,,,20160920,,,20161109,다래성,서울특별시 관악구 은천로 83-1, (봉천동,지상2층),서울특별시 관악구 봉천동  622번지 61호  지상2층,3200000-101-2004-00412,한식,,74.71,은천동,상수도전용
3200000,2018,38  ,20050614,20181109,,,양반,서울특별시 관악구 시흥대로 552-1, 지상1층 (신림동),서울특별시 관악구 신림동  1655번지 23호  ,3200000-101-2001-11597,한식,,24.00,조원동,상수도전용
3200000,,,20010630,,20111212,,숙성원 족발. 보쌈,서울특별시 관악구 남현1길 42, (남현동),서울특별시 관악구 남현동  1062번지 23호  ,3200000-101-1989-00206,한식,,128.92,남현동,상수도전용
3200000,2009,454 ,20090313,20090501,20111024,,바우네나주곰탕 봉천점,서울특별시 관악구 봉천로 309, 1층 (봉천동),서울특별시 관악구 봉천동  963번지 7호  지상1층,3200000-101-1992-07278,한식,매운탕,24.48,보라매동,상수도전용
3200000,2013,532 ,20130709,20131105,20171117,,송탄부대찌개,서울특별시 관악구 봉천로 382-1, 1층 (봉천동),서울특별시 관악구 봉천동  926번지 1호  ,3200000-101-2012-00270,한식,부대찌개,50.98,은천동,상수도전용
3200000,2005,0214,20050614,20050630,20070727,,청국장과보리밥,서울특별시 관악구 관악로24길 80, 1층 (봉천동),서울특별시 관악구 봉천동  19번지 3호  ,3200000-101-1996-06099,한식,삼겹살,61.38,행운동,상수도전용
3200000,,,20110711,,20141203,,돈벼락삼겹살,서울특별시 관악구 난곡로 341, (신림동,지상1층),서울특별시 관악구 신림동  522번지 2호  지상1층,3200000-101-2010-00099,한식,,187.23,조원동,
3200000,,,20010630,,20090923,,(주)참배나무골 ,서울특별시 관악구 남부순환로 2068, 지하1층 (남현동, 르메이에르강남타운1차),서울특별시 관악구 남현동  1059번지 1호  르메이에르강남타운1차,3200000-101-1997-05948,한식,,459.50,남현동,상수도전용
3200000,2001,0007,20010630,20010701,20070725,,고려숯불갈비,서울특별시 관악구 신원로4길 46, 1층 (신림동),서울특별시 관악구 신림동  1635번지 101호  ,3200000-101-1995-06389,한식,돼지갈비,109.85,신원동,상수도전용
3200000,,,20140717,,,20141110,고려숯불갈비,서울특별시 관악구 신원로4길 46, 1층 (신림동),서울특별시 관악구 신림동  1635번지 101호  ,3200000-101-1995-06389,한식,,109.85,신원동,상수도전용
3200000,2018,49  ,20170920,20181109,20211115,,크라운호프(신림녹두점),서울특별시 관악구 호암로24길 37, (신림동,지상1층),서울특별시 관악구 신림동  1522번지 7호  지상1층,3200000-101-2001-11614,한식,,99.31,대학동,
3200000,2018,110 ,20100517,20181109,20211115,,킹수산 98 랍스타,서울특별시 관악구 관천로 43, 지상1층 (신림동),서울특별시 관악구 신림동  1587번지 10호  ,3200000-101-1996-06106,한식,,98.93,신원동,상수도전용
3200000,2018,33  ,20050614,20181109,20211115,,전준수명품청기와감자탕 낙성대점,서울특별시 관악구 봉천로 572, 1층 (봉천동),서울특별시 관악구 봉천동  1629번지 1호  ,3200000-101-2001-04321,한식,,103.20,낙성대동,상수도전용
3200000,2018,0022,20070725,20181109,20211115,,신안산낙지,서울특별시 관악구 봉천로 213-18, 1층 (봉천동),서울특별시 관악구 봉천동  972번지 42호  ,3200000-101-2003-00175,한식,,118.10,보라매동,
3200000,2018,61  ,20160920,20181109,20211115,,장수촌풍천장어,서울특별시 관악구 남부순환로 1465, 1층 (신림동),서울특별시 관악구 신림동  538번지 7호  ,3200000-101-2006-00352,한식,,221.49,조원동,
3200000,2018,80  ,20150605,20181109,20211115,,정가네 낙지마당,서울특별시 관악구 관악로 138, 1-2층 (봉천동),서울특별시 관악구 봉천동  1597번지 20호  ,3200000-101-2014-00330,한식,,141.16,낙성대동,상수도전용
3200000,2018,53  ,20170920,20181109,20221124,,하나감자탕,서울특별시 관악구 신림로65길 24, (신림동),서울특별시 관악구 신림동  1432번지 111호  ,3200000-101-1991-00474,한식,,79.20,신림동,상수도전용
3200000,2018,127 ,20090313,20181109,20221124,,삼미옥,서울특별시 관악구 남부순환로 1829-6, 1-2층 (봉천동),서울특별시 관악구 봉천동  852번지 6호  ,3200000-101-2000-00008,한식,,141.62,행운동,상수도전용
3200000,2018,84  ,20140708,20181109,20221124,,백년초갈비탕,서울특별시 관악구 신림로7길 10, 1층 (신림동),서울특별시 관악구 신림동  236번지 3호  ,3200000-101-2005-00129,한식,,90.34,대학동,상수도전용
3200000,2018,91  ,20120629,20181109,20221124,,돈가대박집,서울특별시 관악구 관악로 222, (봉천동,1층),서울특별시 관악구 봉천동  33번지 3호  1층,3200000-101-2008-00148,한식,,125.00,행운동,
3200000,2018,0001,20181109,20181109,20221124,,만나칼국수,서울특별시 관악구 봉천로7길 23, (봉천동,지하1층),서울특별시 관악구 봉천동  701번지 1호  지하1층,3200000-101-2006-00093,분식,,85.70,보라매동,상수도전용
3200000,2018,0003,20181109,20181109,,,모힝,서울특별시 관악구 남부순환로226길 36, 2층 (봉천동),서울특별시 관악구 봉천동  1598번지 6호  지상2층,3200000-101-2012-00405,한식,,61.84,낙성대동,상수도전용
3200000,,,20090313,,20111024,,옥천민물매운탕,서울특별시 관악구 봉천로62길 10, 1층 (봉천동),서울특별시 관악구 봉천동  1626번지 29호  ,3200000-101-1998-10001,한식,,46.86,낙성대동,상수도전용
3200000,2010,0508,20100510,20100629,20170306,,조마루감자탕,서울특별시 관악구 양녕로 46, (봉천동,지상2층메카플러스204호205호206호),서울특별시 관악구 봉천동  463번지 4호  지상2층메카플러스204호205호206호,3200000-101-2008-00039,한식,샤브샤브,239.51,중앙동,
3200000,2019,0006,20190830,20191111,,,할매순대국&양선지해장국,서울특별시 관악구 남부순환로 1627, (신림동,1층),서울특별시 관악구 신림동  1422번지 17호  1층,3200000-101-2000-10720,한식,,49.50,신림동,상수도전용
3200000,2001,0189,20011230,20011231,20041207,,풍성구이,서울특별시 관악구 보라매로 23, (봉천동),서울특별시 관악구 봉천동  732번지 5호  ,3200000-101-1987-07240,한식,회정식,71.92,보라매동,상수도전용
3200000,2021,5   ,20211031,20211115,,,꾸이한끼 신림점,서울특별시 관악구 대학5길 13, 1층 (신림동),서울특별시 관악구 신림동  241번지 110호  ,3200000-101-1986-00230,한식,,79.00,대학동,상수도전용
3200000,2020,0003,20200831,20201111,,,삼백돈돈가츠,서울특별시 관악구 남부순환로230길 48, 1층 (봉천동),서울특별시 관악구 봉천동  1610번지 27호  ,3200000-101-2017-00275,경양식,돈가스,60.45,낙성대동,
3200000,2001,0060,20010630,20010701,20050720,,참이맛감자탕,서울특별시 관악구 남현3길 74, 1층 (남현동),서울특별시 관악구 남현동  602번지 22호  ,3200000-101-1996-04547,한식,브로이정식,83.85,남현동,상수도전용
3200000,2005,0060,20050614,20050630,20070725,,참이맛감자탕,서울특별시 관악구 남현3길 74, 1층 (남현동),서울특별시 관악구 남현동  602번지 22호  ,3200000-101-1996-04547,한식,브로이정식,83.85,남현동,상수도전용
3200000,2001,0149,20011230,20011231,20050314,,뽕잎사랑봉천점,서울특별시 관악구 남부순환로 1726, 2층 (봉천동),서울특별시 관악구 봉천동  930번지 1호  지상2층,3200000-101-2001-00093,한식,돼지갈비,121.22,청룡동,상수도전용
3200000,,,20160920,,,20161109,더고기 서울대맛집,서울특별시 관악구 관악로16길 16, 1층 (봉천동),서울특별시 관악구 봉천동  854번지 1호  ,3200000-101-2016-00206,한식,,145.54,낙성대동,상수도전용
3200000,2005,0346,20050614,20050630,20171106,,구수옥설렁탕,서울특별시 관악구 남부순환로 1674, (신림동),서울특별시 관악구 신림동  10번지 629호  ,3200000-101-2002-00443,한식,해물찜,155.18,서원동,상수도전용
3200000,,,20160920,,,20161109,이금옥샤브샤브칼국수,서울특별시 관악구 관악로 132, 2층 (봉천동),서울특별시 관악구 봉천동  1597번지 24호  ,3200000-101-2014-00443,한식,,110.00,낙성대동,상수도전용
3200000,,,20220831,,,,스타동(봉천점),서울특별시 관악구 남부순환로 1726, 1층 (봉천동),서울특별시 관악구 봉천동  930번지 1호  ,3200000-101-2018-00427,일식,,43.00,청룡동,
3200000,,,20220831,,,,팔일오 광복점(8.15 광복점),서울특별시 관악구 인헌4길 11, (봉천동, 지상1층),서울특별시 관악구 봉천동  1638번지 5호  ,3200000-101-2011-00501,분식,,24.19,인헌동,상수도전용
3200000,2022,0001,20220831,20221124,,,교꾸스시,서울특별시 관악구 남현1길 9, 제1층 제101호 (남현동, 현대이즈빌),서울특별시 관악구 남현동  1058번지 7호  현대이즈빌,3200000-101-2013-00252,통닭(치킨),초밥,69.71,남현동,상수도전용
3200000,2022,0002,20220831,20221124,,,남도숯불생고기,서울특별시 관악구 난곡로31길 5, 성수빌딩 1동 1층 (신림동),서울특별시 관악구 신림동  704번지 13호  성수빌딩,3200000-101-2020-00557,한식,숯불고기,219.45,난곡동,상수도전용
3200000,2022,0003,20220831,20221124,,,동화반점,서울특별시 관악구 관악로 268, 2층 (봉천동),서울특별시 관악구 봉천동  14번지 52호  ,3200000-101-2004-00052,중국식,자장면,114.21,청림동,상수도전용
3200000,2022,0004,20220831,20221124,,,사시사철 흑염소.오리,서울특별시 관악구 남부순환로 1888, GTI 빌딩 1층 (봉천동),서울특별시 관악구 봉천동  1662번지 13호  GTI 빌딩,3200000-101-2016-00420,한식,흑염소, 오리탕,66.00,낙성대동,상수도전용
3200000,2018,0011,20180831,20181109,20211115,,카페그날,서울특별시 관악구 남부순환로186길 12, 지하1층 (신림동),서울특별시 관악구 신림동  10번지 277호  ,3200000-101-2016-00361,한식,,94.86,서원동,
3200000,2022,0006,20220831,20221124,,,제주생선구이 올레밥상(사당점),서울특별시 관악구 남현1길 40, 유일빌딩 지하1층 (남현동),서울특별시 관악구 남현동  1062번지 1호  유일빌딩,3200000-101-2018-00193,정종/대포집/소주방,생선구이,198.50,남현동,
3200000,2022,0007,20220831,20221124,,,효의 초밥,서울특별시 관악구 난곡로 83, 1층 102, 103호 (신림동),서울특별시 관악구 신림동  667번지 21호  ,3200000-101-2018-00287,호프/통닭,초밥,61.00,난향동,
3200000,2018,62  ,20160920,20181109,,,런던부페,서울특별시 관악구 남부순환로 1454, 지상3~5층 (신림동),서울특별시 관악구 신림동  1484번지 1호  ,3200000-101-1996-04215,뷔페식,,1924.11,미성동,상수도전용
3200000,2007,403 ,20070720,20070727,20091021,,제주은갈치,서울특별시 관악구 관악로 139, 1층 (봉천동),서울특별시 관악구 봉천동  1590번지 7호  지상1층,3200000-101-2001-05599,한식,갈치조림,85.00,청룡동,상수도전용
3200000,2022,0005,20220831,20221124,,,(주)첨지,서울특별시 관악구 남부순환로176길 18, 2층 (신림동),서울특별시 관악구 신림동  1639번지 32호  지상2층,3200000-101-1994-10871,한식,,72.60,서원동,
3200000,2001,0167,20011230,20011231,20040520,,소담소담,서울특별시 관악구 난곡로66길 11, 1층 (신림동),서울특별시 관악구 신림동  528번지 25호  ,3200000-101-1994-06670,한식,해물탕,86.07,신사동,상수도전용
3200000,2018,47  ,20170920,20181109,,,소담소담,서울특별시 관악구 난곡로66길 11, 1층 (신림동),서울특별시 관악구 신림동  528번지 25호  ,3200000-101-1994-06670,한식,,86.07,신사동,상수도전용
3200000,2020,0007,20200831,20201111,,,눈꽃초밥,서울특별시 관악구 법원단지길 38, 1층 (신림동),서울특별시 관악구 신림동  611번지 7호  ,3200000-101-2020-00186,일식,초밥,42.90,난곡동,상수도전용
3200000,2020,0008,20200831,20201111,,,병천가마솥순대국,서울특별시 관악구 호암로22길 77, 지상1층 (신림동),서울특별시 관악구 신림동  1538번지 13호  ,3200000-101-1996-06068,한식,순대국,80.00,대학동,상수도전용
3200000,2020,0002,20200831,20201111,,,소문난대구왕뽈찜,서울특별시 관악구 봉천로62길 5, (봉천동),서울특별시 관악구 봉천동  1627번지 10호  ,3200000-101-2003-00579,한식,찜류,106.53,낙성대동,
3200000,2020,0004,20200831,20201111,,,예소반,서울특별시 관악구 문성로 225, 1층 (신림동),서울특별시 관악구 신림동  1635번지 114호  ,3200000-101-2020-00166,한식,명태조림김치찜,67.91,신원동,상수도전용
3200000,2006,380 ,20060703,20060711,20070727,,옥돌집,서울특별시 관악구 관악로 208, (봉천동),서울특별시 관악구 봉천동  62번지 17호  ,3200000-101-1991-00179,한식,불고기,109.63,행운동,상수도전용
3200000,2018,65  ,20160920,20181109,,,막불감동,서울특별시 관악구 남부순환로 1599, 지하1층 (신림동),서울특별시 관악구 신림동  1433번지 60호  ,3200000-101-2015-00117,한식,,118.00,신림동,
3200000,2001,0076,20010630,20010701,20020618,,삼미옥,서울특별시 관악구 남부순환로 1829-6, 1-2층 (봉천동),서울특별시 관악구 봉천동  852번지 6호  ,3200000-101-2000-00008,한식,설렁탕, 수육,141.62,행운동,상수도전용
3200000,2005,0076,20050614,20050630,20070727,,삼미옥,서울특별시 관악구 남부순환로 1829-6, 1-2층 (봉천동),서울특별시 관악구 봉천동  852번지 6호  ,3200000-101-2000-00008,한식,설렁탕,수육,141.62,행운동,상수도전용
3200000,2018,41  ,20050614,20181109,,,탐나종합어시장(구로디지털역점),서울특별시 관악구 조원로 7, 1층 (신림동),서울특별시 관악구 신림동  1644번지 5호  지상1층,3200000-101-2001-00128,중국식,,139.93,조원동,상수도전용
3200000,2001,0087,20010630,20010701,20060711,,달인족발,서울특별시 관악구 난우길 26-1, 1층 (신림동),서울특별시 관악구 신림동  601번지 9호  ,3200000-101-1997-05965,한식,돼지갈비,79.20,미성동,상수도전용
3200000,2018,107 ,20150616,20181109,,,달인족발,서울특별시 관악구 난우길 26-1, 1층 (신림동),서울특별시 관악구 신림동  601번지 9호  ,3200000-101-1997-05965,한식,,79.20,미성동,상수도전용
3200000,2001,0113,20010630,20010701,20050421,,하나감자탕,서울특별시 관악구 신림로65길 24, (신림동),서울특별시 관악구 신림동  1432번지 111호  ,3200000-101-1991-00474,한식,돼지갈비,79.20,신림동,상수도전용
3200000,2018,0021,20010630,20181109,,,풍년집본가,서울특별시 관악구 난곡로 232, (신림동),서울특별시 관악구 신림동  607번지 35호  ,3200000-101-1998-05760,한식,,210.62,미성동,상수도전용
3200000,,,20170920,,,,돼지고기 한주먹 주먹대장,서울특별시 관악구 신림로 391, 1층 (신림동),서울특별시 관악구 신림동  1429번지 1호  지상1층,3200000-101-1987-07497,한식,,76.23,신림동,상수도전용
3200000,2005,0277,20050614,20050630,20070727,,노가의리,서울특별시 관악구 남현1길 20, 1층 (남현동),서울특별시 관악구 남현동  1064번지 3호  지상1층,3200000-101-1992-07341,한식,갈비탕,96.60,남현동,상수도전용
3200000,,,20110711,,20141203,,노가의리,서울특별시 관악구 남현1길 20, 1층 (남현동),서울특별시 관악구 남현동  1064번지 3호  지상1층,3200000-101-1992-07341,한식,,96.60,남현동,상수도전용
3200000,2001,0082,20010630,20010701,20070727,,서울식당,서울특별시 관악구 신림동길 6, 지상1층 (신림동),서울특별시 관악구 신림동  1430번지 12호  ,3200000-101-1995-06615,한식,장어구이,119.65,신림동,상수도전용
3200000,2005,0333,20050614,20050630,20070727,,미추원주추어탕,서울특별시 관악구 관악로 108, (지상2층)호 (봉천동),서울특별시 관악구 봉천동  1595번지 8호  -(지상2층),3200000-101-2001-00473,한식,추어탕,234.00,낙성대동,상수도전용
3200000,2018,43  ,20070720,20181109,,,황제갈비,서울특별시 관악구 남부순환로 1644, (신림동,,-29  지상2층,3층),서울특별시 관악구 신림동  1411번지 28호  ,-29  지상2층,3층,3200000-101-2006-00034,한식,,690.03,서원동,상수도전용
3200000,2001,0105,20010630,20010701,20070727,,오장동흥남집,서울특별시 관악구 신림로 299, 1층 (신림동),서울특별시 관악구 신림동  1637번지 11호  오장동냉면집빌딩,3200000-101-1996-06282,한식,회냉면,82.50,서원동,상수도전용
3200000,2018,0004,20180831,20181109,,,부추삼겹살 딱이야,서울특별시 관악구 신림동5길 49, 1층 (신림동),서울특별시 관악구 신림동  1432번지 128호  ,3200000-101-2018-00207,한식,,93.58,신림동,
3200000,2001,0030,20010630,20010701,20070727,,두둑한샤브칼국수,서울특별시 관악구 신림로64길 17, 1층 (신림동),서울특별시 관악구 신림동  1421번지 45호  지상1층,3200000-101-1993-00529,한식,불고기,158.30,신림동,상수도전용
3200000,2018,118 ,20090313,20181109,20221124,,펀비어킹,서울특별시 관악구 신림동5길 48, 늘푸른빌딩 지하1층 (신림동),서울특별시 관악구 신림동  1434번지 20호  늘푸른빌딩,3200000-101-2008-00210,일식,,144.02,신림동,
3200000,2020,0001,20200831,20201111,,,정남옥 서울대입구점,서울특별시 관악구 관악로 148, (봉천동,지하1층),서울특별시 관악구 봉천동  1598번지 20호  지하1층,3200000-101-2009-00085,한식,순대국,90.00,낙성대동,
3200000,2008,0453,20080510,20080721,20131204,,펀 비어킹,서울특별시 관악구 조원로 107, 1층 (신림동),서울특별시 관악구 신림동  514번지 19호  1층,3200000-101-2011-00411,한식,삼겹살,130.80,신사동,
3200000,,,20090313,,,20090501,강창구찹쌀진순대 신림점,서울특별시 관악구 호암로24길 16, (신림동,지상1층),서울특별시 관악구 신림동  1532번지 1호  지상1층,3200000-101-2008-00037,한식,,107.34,대학동,
3200000,2001,0044,20010630,20010701,20040621,,대호아구집,서울특별시 관악구 남부순환로 1829-9, (봉천동),서울특별시 관악구 봉천동  858번지 4호  ,3200000-101-1983-00400,한식,대구탕,110.34,행운동,상수도전용
3200000,2018,0023,20080710,20181109,,,대호아구집,서울특별시 관악구 남부순환로 1829-9, (봉천동),서울특별시 관악구 봉천동  858번지 4호  ,3200000-101-1983-00400,한식,,110.34,행운동,상수도전용
3200000,2001,0108,20010630,20010701,20070105,,해담촌,서울특별시 관악구 신림로 300, 1층 (신림동),서울특별시 관악구 신림동  1641번지 41호  지상1층,3200000-101-1994-00260,한식,돼지갈비,148.50,서원동,상수도전용
3200000,2019,0010,20190830,20191111,,,해담촌,서울특별시 관악구 신림로 300, 1층 (신림동),서울특별시 관악구 신림동  1641번지 41호  지상1층,3200000-101-1994-00260,한식,,148.50,서원동,상수도전용
3200000,2001,0096,20010630,20010701,20030412,,시골집,서울특별시 관악구 낙성대로 22-7, (봉천동),서울특별시 관악구 봉천동  1625번지 5호  ,3200000-101-2001-06145,한식,돼지갈비,92.88,낙성대동,상수도전용
3200000,2018,40  ,20050614,20181109,,,시골집,서울특별시 관악구 낙성대로 22-7, (봉천동),서울특별시 관악구 봉천동  1625번지 5호  ,3200000-101-2001-06145,한식,,92.88,낙성대동,상수도전용
3200000,,,20160920,,20181026,,담양에초대,서울특별시 관악구 남현1길 38-10, (남현동),서울특별시 관악구 남현동  1063번지 6호  ,3200000-101-2011-00093,뷔페식,,232.57,남현동,
3200000,2018,0006,20180831,20181109,,,옛날농장,서울특별시 관악구 봉천로 262, 1층 (신림동),서울특별시 관악구 신림동  1427번지 4호  지상1층,3200000-101-1979-07457,한식,,264.21,신림동,상수도전용
3200000,2018,0010,20180831,20181109,,,곤지암할매소머리국밥왕갈비탕,서울특별시 관악구 문성로 96, 1층 (신림동),서울특별시 관악구 신림동  1680번지 4호  ,3200000-101-2015-00176,한식,,80.41,미성동,상수도전용
3200000,2018,0007,20180831,20181109,,,목포산낙지철판해물,서울특별시 관악구 조원로 125-1, (신림동),서울특별시 관악구 신림동  503번지 38호  ,3200000-101-1993-00346,한식,,91.06,신사동,상수도전용
3200000,2018,0014,20180831,20181109,,,청호,서울특별시 관악구 서림길 24, 1층 (신림동),서울특별시 관악구 신림동  96번지 25호  지상1층,3200000-101-1983-07273,중국식,,33.56,서림동,상수도전용
3200000,2018,0015,20180831,20181109,,,옛날불고기,서울특별시 관악구 신림로18가길 24, 1층 (신림동),서울특별시 관악구 신림동  110번지 61호  ,3200000-101-2013-00212,한식,,96.82,서림동,상수도전용
3200000,2018,0002,20180831,20181109,,,송탄부대찌개,서울특별시 관악구 봉천로 382-1, 1층 (봉천동),서울특별시 관악구 봉천동  926번지 1호  ,3200000-101-2012-00270,한식,,50.98,은천동,상수도전용
3200000,2018,0009,20180831,20181109,,,대추나무골감자탕,서울특별시 관악구 조원중앙로 42, 1층 (신림동),서울특별시 관악구 신림동  569번지 38호  ,3200000-101-2016-00350,한식,,105.45,조원동,상수도전용
3200000,2018,0020,20010630,20181109,,,할매보쌈,서울특별시 관악구 신림로 351, (신림동),서울특별시 관악구 신림동  1432번지 76호  ,3200000-101-1987-07466,한식,,152.10,신림동,상수도전용
3200000,2018,0028,20050614,20181109,,,신안산낙지철판,서울특별시 관악구 봉천로 213-20, 1층 (봉천동),서울특별시 관악구 봉천동  972번지 29호  ,3200000-101-2003-00211,한식,,78.89,보라매동,
3200000,2018,99  ,20090313,20181109,,,풍년오리,서울특별시 관악구 관악로15길 9, 2층 (봉천동),서울특별시 관악구 봉천동  863번지 11호  ,3200000-101-2003-00124,한식,,91.00,청룡동,
3200000,2018,70  ,20160920,20181109,,,온정돈까스,서울특별시 관악구 조원로 60, 1층 (신림동),서울특별시 관악구 신림동  546번지 1호  ,3200000-101-2015-00468,경양식,,70.00,조원동,상수도전용
3200000,2018,73  ,20131030,20181109,,,삼수갑산,서울특별시 관악구 남현1길 38-9, 2,3층 (남현동),서울특별시 관악구 남현동  1062번지 2호  ,3200000-101-2003-00184,한식,,322.00,남현동,
3200000,2018,96  ,20120629,20181109,,,해태식당,서울특별시 관악구 청룡1길 33, 1층 (봉천동),서울특별시 관악구 봉천동  883번지 8호  지상1층,3200000-101-1990-03201,한식,,75.90,청룡동,상수도전용
3200000,2018,72  ,20130701,20181109,,,순두부와 청국장 그리고 찜,서울특별시 관악구 신원로 35, 지상1층 (신림동),서울특별시 관악구 신림동  1638번지 1호  지상1층,3200000-101-2012-00166,한식,,188.00,서원동,
3200000,2018,86  ,20130704,20181109,,,신안갯뻘낙지명태어장,서울특별시 관악구 난곡로 330, 1층 (신림동),서울특별시 관악구 신림동  529번지 12호  ,3200000-101-2009-00536,한식,,94.90,신사동,
3200000,2018,129 ,20060703,20181109,,,아리차이,서울특별시 관악구 신림동길 4, (신림동,지하1층,지상1,2층),서울특별시 관악구 신림동  1430번지 11호  지하1층,지상1,2층,3200000-101-2005-00528,중국식,,481.63,신림동,
3200000,2018,106 ,20080710,20181109,,,가마솥,서울특별시 관악구 관악로17길 13, 1층 (봉천동),서울특별시 관악구 봉천동  868번지 23호  ,3200000-101-1997-06045,한식,,132.84,청룡동,상수도전용
3200000,2018,108 ,20090313,20181109,,,장항복아구전문,서울특별시 관악구 봉천로 186, 1~2층 (신림동),서울특별시 관악구 신림동  1446번지 2호  ,3200000-101-1997-05906,한식,,148.88,신림동,상수도전용
3200000,2018,120 ,20090510,20181109,,,명품횡성한우가,서울특별시 관악구 봉천로 266, (신림동),서울특별시 관악구 신림동  1416번지 26호  ,3200000-101-2011-00010,한식,,462.40,신림동,
3200000,2005,0319,20050614,20050630,20070727,,속초 오징어 어시장,서울특별시 관악구 남부순환로224길 13, 1층 (봉천동),서울특별시 관악구 봉천동  854번지 2호  ,3200000-101-1999-09588,한식,삼겹살,127.20,낙성대동,상수도전용
3200000,2018,122 ,20090313,20181109,,,고베그릴,서울특별시 관악구 남부순환로 2082-25, (남현동,지상5층),서울특별시 관악구 남현동  1060번지 10호  지상5층,3200000-101-2007-00461,한식,,186.60,남현동,
3200000,2018,111 ,20051205,20181109,,,화로구이,서울특별시 관악구 남부순환로 1453, (신림동,지상2층~4층),서울특별시 관악구 신림동  543번지 6호  지상2층~4층,3200000-101-2005-00198,한식,,996.01,조원동,상수도전용
3200000,2018,117 ,20090510,20181109,,,미가할매집,서울특별시 관악구 신림로 374, 지상2~6층 (신림동),서울특별시 관악구 신림동  1428번지 21호  ,3200000-101-2009-00003,한식,,955.35,신림동,
3200000,2018,116 ,20060510,20181109,,,상도늘보리 봉천역점,서울특별시 관악구 봉천로 379, (봉천동,,6),서울특별시 관악구 봉천동  932번지 5호  ,6,3200000-101-2005-00118,한식,,90.00,은천동,상수도전용
3200000,2018,109 ,20080710,20181109,,,남원추어탕,서울특별시 관악구 쑥고개로 135, 1층 (봉천동),서울특별시 관악구 봉천동  1569번지 1호  ,3200000-101-1997-05900,한식,,111.59,청룡동,상수도전용
3200000,2018,115 ,20080710,20181109,,,청진동해장국,서울특별시 관악구 관악로 105, (봉천동,지상1층),서울특별시 관악구 봉천동  1592번지 9호  지상1층,3200000-101-2002-00083,한식,,147.35,청룡동,상수도전용
3200000,2018,102 ,20080710,20181109,,,정수사(鄭壽司),서울특별시 관악구 관악로 263, (봉천동,브라운스톤 지하2층 B201,B202,B203,B204,B205호),서울특별시 관악구 봉천동  1721번지 0호  브라운스톤 지하2층 B201,B202,B203,B204,B205호,3200000-101-2007-00080,일식,,229.46,성현동,
3200000,2018,104 ,20070720,20181109,,,광시생고기,서울특별시 관악구 관악로30길 15, 1층 (봉천동),서울특별시 관악구 봉천동  15번지 8호  ,3200000-101-1997-06015,한식,,220.00,청림동,상수도전용
3200000,2018,97  ,20120629,20181109,,,일구칠구매운탕,서울특별시 관악구 신림로26길 5, (신림동, 지상1층),서울특별시 관악구 신림동  112번지 48호  ,3200000-101-2003-00216,한식,,155.80,서림동,
3200000,2018,94  ,20140710,20181109,,,통통갈비집,서울특별시 관악구 신림로65길 16, 1층 (신림동),서울특별시 관악구 신림동  1432번지 95호  ,3200000-101-2003-00386,한식,,98.67,신림동,상수도전용
3200000,2018,100 ,20090313,20181109,,,들깨향 장수밀,서울특별시 관악구 봉천로 355, (봉천동),서울특별시 관악구 봉천동  943번지 4호  ,3200000-101-2003-00034,한식,,0,은천동,
3200000,2018,88  ,20150623,20181109,,,신선설농탕,서울특별시 관악구 관악로 163, (봉천동,(1호)지상1층),서울특별시 관악구 봉천동  863번지 2호  (1호)지상1층,3200000-101-2006-00100,한식,,147.00,청룡동,상수도전용
3200000,2018,83  ,20120924,20181109,,,청국장과보리밥,서울특별시 관악구 관악로24길 80, 1층 (봉천동),서울특별시 관악구 봉천동  19번지 3호  ,3200000-101-1996-06099,한식,,61.38,행운동,상수도전용
3200000,2018,79  ,20130704,20181109,,,족팔려,서울특별시 관악구 남현3길 75, (남현동),서울특별시 관악구 남현동  1062번지 16호  ,3200000-101-2011-00096,한식,,128.70,남현동,
3200000,2018,71  ,20160920,20181109,,,원주골돌솥추어탕,서울특별시 관악구 봉천로 190, 2~3층 (신림동),서울특별시 관악구 신림동  1445번지 14호  ,3200000-101-2016-00216,한식,,549.70,신림동,상수도전용
3200000,2018,58  ,20160920,20181109,,,마뇨떡볶이,서울특별시 관악구 신원로 35, 2층 (신림동),서울특별시 관악구 신림동  1638번지 1호  ,3200000-101-2015-00350,분식,,198.00,서원동,상수도전용
3200000,2018,55  ,20170920,20181109,,,이금옥샤브샤브칼국수,서울특별시 관악구 관악로 132, 2층 (봉천동),서울특별시 관악구 봉천동  1597번지 24호  ,3200000-101-2014-00443,한식,,110.00,낙성대동,상수도전용
3200000,2018,50  ,20050614,20181109,,,태능숯불갈비,서울특별시 관악구 봉천로7길 30, 2층 (봉천동),서울특별시 관악구 봉천동  734번지 16호  ,3200000-101-1993-07285,한식,,96.92,보라매동,상수도전용
3200000,2018,52  ,20170920,20181109,,,한고을해물칼국수,서울특별시 관악구 난곡로 100, A동 1층 101호 (신림동, 파로스프라자),서울특별시 관악구 신림동  1738번지  ,3200000-101-2014-00393,한식,,143.20,난향동,상수도전용
3200000,2018,51  ,20170920,20181109,,,낙성곱창,서울특별시 관악구 봉천로 495-3, (봉천동),서울특별시 관악구 봉천동  1667번지 49호  ,3200000-101-2001-09943,한식,,53.79,행운동,
3200000,2018,48  ,20170920,20181109,,,명태어장,서울특별시 관악구 남부순환로 1852, 2층 (봉천동),서울특별시 관악구 봉천동  1601번지 22호  ,3200000-101-2005-00210,한식,,219.14,낙성대동,상수도전용
3200000,2018,44  ,20170920,20181109,,,배영만 당진아구,서울특별시 관악구 봉천로 560, 1층 (봉천동),서울특별시 관악구 봉천동  1628번지 2호  ,3200000-101-2015-00040,한식,,147.40,낙성대동,상수도전용
3200000,2018,39  ,20070720,20181109,,,예전,서울특별시 관악구 봉천로 209, 7층 (봉천동, 롯데백화점),서울특별시 관악구 봉천동  729번지 22호  ,3200000-101-2005-00039,한식,,127.30,보라매동,상수도전용
3200000,2018,36  ,20070720,20181109,,,정가,서울특별시 관악구 남부순환로 1710, 지하1~지상1층 (봉천동),서울특별시 관악구 봉천동  945번지 10호  ,3200000-101-1999-09551,한식,,494.97,청룡동,상수도전용
3200000,2018,35  ,20050614,20181109,,,강강술래 신림본동점,서울특별시 관악구 남부순환로 1660, (신림동),서울특별시 관악구 신림동  10번지 518호  ,3200000-101-2000-10799,한식,,900.36,서원동,상수도전용
3200000,2018,32  ,20011230,20181109,,,심가면옥,서울특별시 관악구 신림로 121, 2층 (신림동),서울특별시 관악구 신림동  1515번지 15호  ,3200000-101-2001-11274,한식,,206.59,대학동,상수도전용
3200000,2001,0153,20011230,20011231,20091222,,신의주찹쌀순대본사직영관악점,서울특별시 관악구 봉천로 469-1, 1-2층 (봉천동),서울특별시 관악구 봉천동  860번지 37호  지상1,2층,3200000-101-1989-00649,한식,낚지해물구이,128.29,중앙동,상수도전용
3200000,2018,29  ,20050614,20181109,,,고창복의 낙지세상,서울특별시 관악구 남부순환로 1725, (봉천동),서울특별시 관악구 봉천동  931번지 4호  ,3200000-101-2002-00439,한식,,302.69,은천동,
3200000,2001,0111,20010630,20010701,20040429,,냉면을 시키면 고기를 주는집 송학,서울특별시 관악구 남부순환로260길 5, 지상1층 (남현동),서울특별시 관악구 남현동  1055번지 18호  ,3200000-101-1999-09301,한식,생고기,108.80,남현동,상수도전용
3200000,2018,85  ,20120629,20181109,,,한근한방삼계탕,서울특별시 관악구 봉천로 396, (봉천동),서울특별시 관악구 봉천동  923번지 16호  ,3200000-101-2001-11325,한식,,177.85,은천동,상수도전용
3200000,2001,0138,20010630,20010701,20030321,,황칠나라 풍년옥,서울특별시 관악구 관악로15길 9, 1층 (봉천동),서울특별시 관악구 봉천동  863번지 11호  지상1층,3200000-101-1999-00787,한식,돼지갈비,170.34,청룡동,상수도전용
3200000,2005,0358,20050614,20050630,20070727,,황칠나라 풍년옥,서울특별시 관악구 관악로15길 9, 1층 (봉천동),서울특별시 관악구 봉천동  863번지 11호  지상1층,3200000-101-1999-00787,한식,돼지갈비,170.34,청룡동,상수도전용
3200000,,,20090313,,,,황칠나라 풍년옥,서울특별시 관악구 관악로15길 9, 1층 (봉천동),서울특별시 관악구 봉천동  863번지 11호  지상1층,3200000-101-1999-00787,한식,,170.34,청룡동,상수도전용
3200000,,,20170920,,,,황칠나라 풍년옥,서울특별시 관악구 관악로15길 9, 1층 (봉천동),서울특별시 관악구 봉천동  863번지 11호  지상1층,3200000-101-1999-00787,한식,,170.34,청룡동,상수도전용
3200000,2005,0308,20050614,20050630,20070727,,왕실족발&보쌈,서울특별시 관악구 관천로24길 60, 지하1층 (신림동),서울특별시 관악구 신림동  1450번지 28호  ,3200000-101-2003-00387,한식,활어회,88.56,신림동,상수도전용
3200000,2018,66  ,20160920,20181109,,,농협안심한우마을,서울특별시 관악구 남부순환로 1369, 3층 (신림동),서울특별시 관악구 신림동  1668번지  지상3층,3200000-101-2009-00177,한식,,827.16,조원동,
3200000,,,20090313,,,,동경에서 만난 매운라멘과 돈카츠 신림점,서울특별시 관악구 신림로11길 18, (신림동,지상1층),서울특별시 관악구 신림동  241번지 43호  지상1층,3200000-101-2008-00014,한식,,44.97,대학동,
3200000,,,20130704,,,,동경에서 만난 매운라멘과 돈카츠 신림점,서울특별시 관악구 신림로11길 18, (신림동,지상1층),서울특별시 관악구 신림동  241번지 43호  지상1층,3200000-101-2008-00014,한식,,44.97,대학동,
3200000,,,20110711,,20111024,,인헌식당,서울특별시 관악구 봉천로 575, (봉천동,지상1층),서울특별시 관악구 봉천동  1660번지 11호  지상1층,3200000-101-2002-00354,한식,,66.45,낙성대동,
3200000,2018,46  ,20170920,20181109,,,뽕잎사랑뽕잎냉면버섯샤브칼국수,서울특별시 관악구 남부순환로 1915, 지상1층 (봉천동),서울특별시 관악구 봉천동  1685번지 21호  지상1층,3200000-101-2005-00382,한식,,135.58,행운동,
3200000,2021,11  ,20211031,20211115,,,전준수명품청기와감자탕 쑥고개점,서울특별시 관악구 신림로 206, 1층 (신림동),서울특별시 관악구 신림동  96번지 3호  ,3200000-101-2005-00542,정종/대포집/소주방,,82.50,서림동,상수도전용
3200000,2021,12  ,20211031,20211115,,,빠레뜨한남 샤로수길점,서울특별시 관악구 남부순환로230길 40, 1층 (봉천동),서울특별시 관악구 봉천동  1610번지 5호  ,3200000-101-2016-00270,경양식,,75.21,낙성대동,상수도전용
3200000,2021,9   ,20211031,20211115,,,정숙성,서울특별시 관악구 남부순환로226길 31, 1층 (봉천동),서울특별시 관악구 봉천동  1603번지 3호  ,3200000-101-2021-00062,한식,,189.81,낙성대동,상수도전용
3200000,2021,13  ,20211031,20211115,,,우리동네고기집,서울특별시 관악구 인헌6길 24, (봉천동,지상2층),서울특별시 관악구 봉천동  1636번지 21호  지상2층,3200000-101-2010-00522,한식,,132.00,인헌동,
3200000,2021,7   ,20211031,20211115,,,고봉밥이야기,서울특별시 관악구 법원단지3길 3, 1층 (신림동),서울특별시 관악구 신림동  608번지 44호  ,3200000-101-2016-00457,식육(숯불구이),,84.96,미성동,상수도전용
3200000,2021,4   ,20211031,20211115,,,숙성원 족발. 보쌈,서울특별시 관악구 남현1길 42, (남현동),서울특별시 관악구 남현동  1062번지 23호  ,3200000-101-1989-00206,한식,,128.92,남현동,상수도전용
3200000,2021,8   ,20211031,20211115,,,밀향기칼국수,서울특별시 관악구 봉천로 593, (봉천동),서울특별시 관악구 봉천동  1658번지 10호  ,3200000-101-2000-10423,분식,,56.52,인헌동,상수도전용
3200000,2021,10  ,20211031,20211115,,,은행나무집,서울특별시 관악구 관악로 104, 1층 (봉천동),서울특별시 관악구 봉천동  1594번지 1호  ,3200000-101-2016-00177,한식,,156.34,낙성대동,상수도전용
3200000,2021,6   ,20211031,20211115,,,홍주고깃간,서울특별시 관악구 남현1길 59, (남현동),서울특별시 관악구 남현동  1060번지 6호  ,3200000-101-2001-04526,기타,,74.05,남현동,상수도전용
3200000,2021,2   ,20211031,20211115,,,일구칠구 매운탕,서울특별시 관악구 난곡로66가길 6, 1층 (신림동),서울특별시 관악구 신림동  528번지 19호  ,3200000-101-2021-00242,한식,,100.77,신사동,상수도전용
3200000,2001,0067,20010630,20010701,20170317,,왕돈까스왕냉면 서울대역점,서울특별시 관악구 봉천로 474, (봉천동),서울특별시 관악구 봉천동  861번지 8호  ,3200000-101-1989-06988,한식,갈비탕,94.80,중앙동,간이상수도
3200000,,,20090313,,,,굿맘할매순대국 & 양선지해장국,서울특별시 관악구 봉천로 594, (봉천동),서울특별시 관악구 봉천동  1632번지 1호  ,3200000-101-2001-09538,한식,,78.20,인헌동,
3200000,2018,89  ,20120629,20181109,,,굿맘할매순대국 & 양선지해장국,서울특별시 관악구 봉천로 594, (봉천동),서울특별시 관악구 봉천동  1632번지 1호  ,3200000-101-2001-09538,한식,,78.20,인헌동,
3200000,,,20170920,,,,봉추찜닭,서울특별시 관악구 남부순환로 1592-6, 2층 (신림동),서울특별시 관악구 신림동  1639번지 50호  ,3200000-101-2012-00367,한식,,81.00,서원동,상수도전용
3200000,2018,56  ,20170920,20181109,,,풍무 양꼬치,서울특별시 관악구 시흥대로 572, 2층 (신림동),서울특별시 관악구 신림동  1643번지 6호  ,3200000-101-2011-00363,중국식,,363.40,조원동,
3200000,2005,0226,20050614,20050614,20060816,,차오멘짬뽕,서울특별시 관악구 봉천로 465, 1층 (봉천동),서울특별시 관악구 봉천동  871번지 65호  ,3200000-101-1994-00424,한식,와인삼겹살,52.03,중앙동,상수도전용
3200000,2018,76  ,20100401,20181109,20191111,,국가대패,서울특별시 관악구 신림동길 13, (신림동,지상1층),서울특별시 관악구 신림동  1432번지 162호  지상1층,3200000-101-2009-00127,한식,,130.00,신림동,
3200000,2001,0103,20010630,20010701,20041022,,영원참숯갈비,서울특별시 관악구 남부순환로181길 34, 1,2층 (신림동),서울특별시 관악구 신림동  1419번지 16호  ,3200000-101-1996-06232,한식,영원정식,307.57,신림동,상수도전용
3200000,2005,0343,20050614,20050630,20080725,,영원참숯갈비,서울특별시 관악구 남부순환로181길 34, 1,2층 (신림동),서울특별시 관악구 신림동  1419번지 16호  ,3200000-101-1996-06232,한식,영원정식,307.57,신림동,상수도전용
3200000,,,20150611,,20150619,,보쌈 주는 족발집,서울특별시 관악구 보라매로 17, (봉천동,735-1  지상1층),서울특별시 관악구 봉천동  702번지 102호  735-1  지상1층,3200000-101-2003-00169,한식,,82.00,보라매동,상수도전용
3200000,2017,588 ,20170920,20171106,20180412,,베트남쌀국수미스사이공,서울특별시 관악구 양녕로 46, 메카플러스 1층 108호 (봉천동),서울특별시 관악구 봉천동  463번지 4호  메카플러스,3200000-101-2016-00342,외국음식전문점(인도,태국등),닭한마리칼국수,24.52,중앙동,상수도전용
3200000,2018,90  ,20150902,20181109,,,돈파스팔레,서울특별시 관악구 남부순환로 1947, 1층 101,102호 (봉천동),서울특별시 관악구 봉천동  1688번지 127호  ,3200000-101-2011-00355,경양식,,66.00,행운동,
3200000,2021,3   ,20211031,20211115,,,서천아구대구뽈찜탕,서울특별시 관악구 남현1길 40, 유일빌딩 1층 (남현동),서울특별시 관악구 남현동  1062번지 1호  유일빌딩,3200000-101-2018-00279,한식,,91.60,남현동,
3200000,,,20130704,,,,이가소머리국밥,서울특별시 관악구 신림로7나길 32, (신림동),서울특별시 관악구 신림동  241번지 5호  ,3200000-101-2009-00524,한식,,66.85,대학동,
3200000,2005,0218,20050614,20050630,20170926,,힘찬정육주식회사,서울특별시 관악구 남현1길 58, (남현동),서울특별시 관악구 남현동  1062번지 15호  ,3200000-101-2001-11486,한식,보쌈,182.20,남현동,상수도전용
3200000,2020,0006,20200831,20201111,,,The낙원 양꼬치,서울특별시 관악구 남부순환로151길 78, 1층 (신림동),서울특별시 관악구 신림동  513번지 11호  ,3200000-101-2007-00364,한식,낙지요리,71.50,신사동,
3200000,2021,1   ,20211031,20211115,,,장가함흥냉면,서울특별시 관악구 조원로 132, 신림프라자 1층 5,6호 (신림동),서울특별시 관악구 신림동  504번지 6호  신림프라자,3200000-101-2010-00559,한식,,89.56,신사동,
3200000,2006,361 ,20060703,20060711,20070727,,올바른 숙성회,서울특별시 관악구 신림로23길 42, (신림동,(지상1층)),서울특별시 관악구 신림동  1533번지 13호  (지상1층),3200000-101-2004-00425,경양식,소고기스테이크,92.00,대학동,
3200000,2005,0306,20050614,20050630,20060208,,돼지한마당,서울특별시 관악구 봉천로 378, (봉천동),서울특별시 관악구 봉천동  931번지 22호  ,3200000-101-1995-06440,한식,뽕잎만두정식,83.69,은천동,상수도전용
3200000,2018,113 ,20080510,20181109,20211115,,돼지한마당,서울특별시 관악구 봉천로 378, (봉천동),서울특별시 관악구 봉천동  931번지 22호  ,3200000-101-1995-06440,한식,,83.69,은천동,상수도전용
